Contract,Token,Symbol,PairId,Price,MarketCap,Liquidity,FDV
CBdCxKo9QavR9hfShgpEBG3zekorAeD7W1jfq2o3pump,Official Mascot of the Holy Year,LUCE,HQWsAXxH3dGy9DQbryJyDrquKt2eDY6MMHWmpUEKfgZq,$0.001043,$1.0M,$514K,$1.0M
BGV194BxNyzyKDNPMrmtEigNoPYtTbQLN97zra6wwzy3,114514,AI,CJU4XakFGG64gwbRAtPbqrkWAXp1X845GyShGoMnVFY1,$0.006210,$6.2B,$24.8M,$6.2B
8Ssu2MYUcxoeLoKC3BivTz6EHfC6SUPaPwDDpnmw2Cu1,MADURO DOG,00,AUeuRQASMQTaRXaAA2LhmWTmroTD1C7WBNzBzjKgtC9c,$0.006639,$6.6B,$26.6M,$6.6B
C5KPhGn5Z2ds5v3WEhrBZ1wwubsXRoNXLKXnb38REs47,Mia Ko,00,Hbp2HNyW6HPKPyKvZQ3dtftZ8zL2uqVwSDrTx5jCZgYY,$0.000437,$437.5M,$1.7M,$437.5M
EmM63WurCWP23QK9o5B1GVRDPsaCW2XLVEtRbMDcAu6v,EU Dream,00,91x8pHmyn7TZ6BcvGxEBbFdRVF4H3BQZjEXugQmGcNb8,$0.000284,$284.1M,$1.1M,$284.1M
2M6xyFStXASnKbmnMh3R3mKvuL34a3MMaAuLMCcVWsXE,1 meme can change your life,00,2pq8PEy3BKXs58m4XTMkT1xWQGWHPaoCSKQbYgiZ7AER,$0.000717,$717.0M,$2.9M,$717.0M
E4QpadgLsgTJutLFNmcCJHShSiGtawW2SMvvAmXcJT17,Junlper,AI,Fj2MteYSdKB1HEHCoMCKLK19yyecmpLpJuoa1q22D3B2,$0.000221,$220.9M,$884K,$220.9M
CkbRjuF6EdviKrfhNUeABrHBosWJsQgWQe4vJi7kAtHq,Ralph Wiggum,Wiggum,EACrnt1itKfU4xSAfGYKYTGWc8pCNW2s5ighgb4uNz4t,$0.000551,$550.6M,$2.2M,$550.6M
APNdZHDb3RG1FztpGsAxQMVvH7fGdbYFKgwjs1p4AFrN,glegle,COIN,4JZn5DfqgnuUUc4VYus8iGvwE1pCMzWCGC6GouyeCVzT,$0.000181,$180.9M,$724K,$180.9M
FyDhsQ23yxstL6U4pRT8LDWM2HZyRcJGvWcFFgNtf54B,BOMP(pump),00,8gxtHcPuTVFJZkSpJw66G6ReH7xAJeTDSqDigM9BYUHj,$0.000418,$418.0M,$1.7M,$418.0M
FCLdiWKtp7gV3fZp2EyJxqVayMcs6Nje5K2YbaLGCJAG,good morning,00,6yP6KBttn5VXFVhijay7fN26YT26MaLVHhniqiw2WKTr,$0.002309,$2.3B,$9.2M,$2.3B
AVLhahDcDQ4m4vHM4ug63oh7xc8Jtk49Dm5hoe9Sazqr,Solama,SOLAMA,CR8FJB9jqGvtNYnYUuxyyS41WXue2HZRfhNavkaV8CS4,$0.001408,$953K,$216K,$953K
A8C3xuqscfmyLrte3VmTqrAq8kgMASius9AFNANwpump,FWOG,FWOG,AB1eu2L1Jr3nfEft85AuD2zGksUbam1Kr8MR3uM2sjwt,$0.016570,$16.2M,$2.9M,$16.2M
GrgRcGgnu4V9wmZJh76uPnNNUYSrxkbTvQJeAHCZeVRH,Velyn Cash,00,2SyUVgebXP6sptwkosQ7bdJhV5buXJrEwsfZpoRNAjhQ,$0.000171,$171.0M,$684K,$171.0M
CRhs3Pv9HXZUq84CHZhjrMS4kWewUcWuAfxZRMU1hN5P,Dark Horse,00,8y2HSJKS4N3xcoxxS3C1zCxZmRJ59koASkBrNC7ogbta,$0.000164,$164.1M,$656K,$164.1M
x96u1RaapDFUAoK2txwBgWFjoGDtEbJ7VsTu1nj9s6F,Kabuto,00,9oUzoEMmsngUWstKDV3nv1Mjs5EVJAa9ZhSvNETiXn97,$0.001860,$1.9B,$7.4M,$1.9B
5droEoVBYyvMaj5Sx15bBio5xb4TRnHLotNeTVbUuFp8,PONKE,00,9h1Kn7vNRsfiMvGfb2YmHjtF4EuUbH4dbUTo4Qi3XFZA,$0.061810,$61.8B,$247.2M,$61.8B
7pXKuAtkupbrpT7WKRebf4mgJchtPEXMJrPq5Hs8TzRz,Purple Wojak,00,H2MCPWbf8ZEKJBxuYQXwQUKqroHmqW1Z6XTMQt77NQbm,$0.001471,$1.5B,$5.9M,$1.5B
2EiR9JpsfrG3RkHRDv1zzDkqEiB7DE6aXcfHTj4VykvP,Neuro-sama,00,KdWfsmRpvQx9FunHc9b55FNi7RVG2JCgcVnUBkMMvTp,$0.000561,$560.9M,$2.2M,$560.9M
HAEVQLpFojyzixK23jV2YqevJPEo1B12LmoCb7RadtKb,FAFO,FAFO,CC3NT8mLgw1YhkSYPqcuEohkN7F7phYsTBkFH5eq46u3,$0.002337,$2.3M,$195K,$2.3M
G56WCLrmbqLC3QQxUARMYWFw1CJZX3RAtL3bz4oEwVPu,rainbowfish,00,V5jomsZbFQqcor6cfGHynMTy3qzyrbzFoXxiruxg5wB,$0.002209,$2.2B,$8.8M,$2.2B
nosXBVoaCTtYdLvKY6Csb4AC8JCdQKKAaWYtx2ZMoo7,Nosana,NOS,JS4VAUXFkMvtbxWxUVNG48SRK6QCkqThzED83QXvZsQ,$0.327800,$27.3M,$197K,$32.8M
DezXAZ8z7PnrnRJjz3wXBoRgixCa6xjnB7YaB1pPB263,Bonk,Bonk,31p1hptjhFo6ZD8oBqkfutNXQKGGPyi7YcEAfsyKW777,$0.000012,$1.0B,$121K,$1.0B
Dz9mQ9NzkBcCsuGPFJ3r1bS4wgqKMHBPiVuniW8Mbonk,USELESS COIN,USELESS,HsQGWEh3ib6w59rBh5n1jXmi8VXFBqKEjxozL6PGfcgb,$0.113000,$113.1M,$489K,$113.1M
HYXqAHgiKL2bPV8Bej18ugAMnL5mtu6bE98mVwVDDX8D,Digital Oil Memecoin,00,ExqAx4uFdec5xjd6rYywMuHkm85kWkQwcVPzpMcWqVPX,$0.001080,$1.1B,$4.3M,$1.1B
9Rrem7RmLBDNhGetQVpfiUkoKHBbSS2zU3LARC8kcjWc,The White Whale,00,DH4YWCnwBMFHq4ZPkVkfvVruSE5r7EmKRRJmdz2vUwmC,$0.071690,$71.7B,$286.8M,$71.7B
7C56weR2cp21E2hn6riLybg5dtsRKRU7FcJU6zwsRjq5,POPCAT,00,3pGbJDUeMPoQTnY8mFbKZR5prJDMbrrtKDJr8sXk2efT,$0.088080,$88.0B,$352.3M,$88.0B
HZPhnS3cjBZknYV4tVm7w52TsJjVztRf2qNiVXfT54Jj,PimpFun,00,HLagxeFwhYuMK8ifanRvaSyBpD8tDwXeEYAjVem52aS6,$0.000441,$440.9M,$1.8M,$440.9M
FtUEW73K6vEYHfbkfpdBZfWpxgQar2HipGdbutEhpump,titcoin,titcoin,4qQM2x2pfhU3ToscAqkQxTfhTm7DmJe8LGWU9kvqeNH4,$0.001646,$1.6M,$551K,$1.6M
5XosjiprbjmyV2VsLxpS1VWWZ6iFxyrAVzQdnNiZzvTH,snowball,00,9zEeUpPrhzP9tQtVbVTppVCWCo6ZU24P7dc1Z4ePZ5N5,$0.001609,$1.6B,$6.4M,$1.6B
8ncucXv6U6epZKHPbgaEBcEK399TpHGKCquSt4RnmX4f,trencher,TRENCHER,6WwcmiRJFPDNdFmtgVQ8eY1zxMzLKGLrYuUtRy4iZmye,$0.001578,$1.6M,$397K,$1.6M
H8xQ6poBjB9DTPMDTKWzWPrnxu4bDEhybxiouF8Ppump,The Spirit of Gambling,Tokabu,Ekv9HdumWqnXZgq5G6ge6bk1ZRHKXYC2WnSFL94sQmLJ,$0.003653,$3.6M,$444K,$3.6M
BaXuCw8whfZtJVY46BZbeAVR9eVW6o75tVMiMRW2B7kr,Tradagotchi,AI,8fc4XCrFh6YHqUKZPTWMq4WT6M1q7sKMg8PoJdjUeX36,$0.000097,$97.0M,$388K,$97.0M
9BB6NFEcjBCtnNLFko2FqVQBq8HHM13kCyYcdQbgpump,Fartcoin ,Fartcoin ,Bzc9NZfMqkXR6fz1DBph7BDf9BroyEf6pnzESP7v5iiw,$0.380800,$380.9M,$12.7M,$380.9M
7Y2TPeq3hqw21LRTCi4wBWoivDngCpNNJsN1hzhZpump,Sachicoin,SACHI,J3s2eaBdxaTEJd9NgHAvsRv88PuGSQWmrggyWxoEL587,$0.003287,$3.2M,$258K,$3.2M
BANKJmvhT8tiJRsBSS1n2HryMBPvT5Ze4HU95DUAmeta,Avici,AVICI,7gj8L6q7kePSTUuJpx6Es4Z9FkWaKnW1YfKzYwnQFtVB,$2.490000,$32.2M,$153K,$32.2M
ENgSDTZjZHLrXkYbQP3j3vzD9ANdnc8VCs9yxi1cMi55,Teddy Batman,Teddy Bat,6K86RRMKLWotny1gJjCZfNZSr7AEGzwNwEsFdjrPfu7g,$0.063160,$63.2M,$229K,$63.2M
DitHyRMQiSDhn5cnKMJV2CDDt6sVct96YrECiM49pump,Housecoin,House,Gj5t6KjTw3gWW7SrMHEi1ojCkaYHyvLwb17gktf96HNH,$0.002428,$2.4M,$592K,$2.4M
DNhQZ1CE9qZ2FNrVhsCXwQJ2vZG8ufZkcYakTS5Jpump,zauthx402,ZAUTH,5XbRDoL7YpKYwUKSfBZBFiJaipUtVXrFVtyVXoVSeKsQ,$0.002663,$2.5M,$176K,$2.7M
8J69rbLTzWWgUJziFY8jeu5tDwEPBwUz4pKBMr5rpump,Wojak ,WOJAK,63ChtT5vH7YBnryKQJLUfRgY4ju7McntSq2v5UuHkuZH,$0.039250,$39.3M,$885K,$39.3M
9AvytnUKsLxPxFHFqS6VLxaxt5p6BhYNr53SD2Chpump,The Official 67 Coin,67,Da6gBAjx2G4V1zbk7DNkKfDAzk3VVxS3aCoe5QN3TbxJ,$0.019900,$19.9M,$141K,$19.9M
4TyZGqRLG3VcHTGMcLBoPUmqYitMVojXinAmkL8xpump,testicle,testicle,E616WShkSjxnyToCExYLhNWxyYraFqs1RTQz1gZ9ZDUk,$0.000737,$737K,$128K,$737K
3oe8WY2EBvJr8rN8q14Gk6k6RBSzCM6uDFajCxB2xYzz,just memecoin,00,DfD96v39kmG7dDKPMqFQt89RPZX1skgjavLzwiD3MM6n,$0.000785,$7.8B,$3.1M,$7.8B
43VWkd99HjqkhFTZbWBpMpRhjG469nWa7x7uEsgSH7We,Stonks,STNK,EyktEFod1gAgsuM1hXmEpqkitFFk9XczkqLPx2vKiceg,$19.640000,$11.4M,$583K,$11.4M
7dUKUopcNWW6CcU4eRxCHh1uiMh32zDrmGf6ufqhxann,Baby Doge Coin,BabyDoge,8ssUoNgsmob23argRdQayyMJbvy41hZxwzvXnviFnSvU,$0.000000,$128.0M,$315K,$214.2M
Df6yfrKC8kZE3KNkrHERKzAetSxbrWeniQfyJY4Jpump,Just a chill guy,CHILLGUY,93tjgwff5Ac5ThyMi8C4WejVVQq4tuMeMuYW1LEYZ7bu,$0.023670,$23.7M,$2.0M,$23.7M
HUMA1821qVDKta3u2ovmfDQeW2fSQouSKE8fkF44wvGw,Huma Finance,HUMA,3fx6tcZy9t11i6fRVr3DwJY3H7Wi9YAso8os8UtQShDX,$0.029930,$51.9M,$704K,$299.4M
73MGboY641m1J8bFaSoLG35RoSSh4ZgdPVwvARNzmXPq,You’ll own nothing & be happy,TheToken,8HJZrFiHdFzcVYxBc6TvjT9r6cRX54Nc3EyUe1EEx7kE,$0.003852,$3.9M,$3.8M,$3.9M
2qEHjDLDLbuBgRYvsxhc5D6uDWAivNFZGan56P1tpump,Peanut the Squirrel ,Pnut ,4AZRPNEfCJ7iw28rJu5aUyeQhYcvdcNm8cswyL51AY9i,$0.090710,$90.7M,$4.8M,$90.7M
GMvCfcZg8YvkkQmwDaAzCtHDrrEtgE74nQpQ7xNabonk,1 coin can change your life,1,Gi3959wDyHbQfs612ztsh3GWw8LYHhW4fx5YSJzbihy6,$0.021030,$21.0M,$474K,$21.0M
FeR8VBqNRSUD5NtXAj2n3j1dAHkZHfyDktKuLXD4pump,jelly-my-jelly,jellyjelly,HrNE8CpBBPyawPR8PvMDz7XWrbAsiDGSGA23iKAeFqg,$0.062330,$62.3M,$106K,$62.3M
oreoU2P8bN6jkk3jbaiVxYnG1dCXcYxwhwyK9jSybcp,ORE,ORE,7XNR3Ysqg2MbfQX8iMWD4iEF96h2GMsWNT8eZYsLTmua,$163.730000,$68.6M,$125K,$68.6M
ED5nyyWEzpPPiWimP8vYm7sD7TD3LAt3Q3gRTWHzPJBY,Moo Deng,MOODENG,22WrmyTj8x2TRVQen3fxxi2r4Rn6JDHWoMTpsSmn8RUd,$0.085030,$84.2M,$4.1M,$84.2M
7GCihgDB8fe6KNjn2MYtkzZcRjQy3t9GHdC8uHYmW2hr,Popcat,POPCAT,FRhB8L7Y9Qq41qZXYLtC2nw8An1RJfLLxRF2x9RwLLMo,$0.105800,$103.7M,$5.8M,$103.7M
5UUH9RTDiSpq6HKS6bp4NdU9PNJpXRXuiw6ShBTBhgH2,TROLL,TROLL,Cgnuirsk5dQ9Ka1Grnru7J8YW1sYncYUjiXvYxT7G4iZ,$0.036720,$36.7M,$309K,$36.7M
ZFNHgsEoCy7m245cw7sQKic1NcurEoGHG3TGU1Vsz3b,aura,AI,BM7Y48Gfc1Q2hd1S3bAna3VMBULikiQdYbty12La9wAP,$0.033100,$33.1B,$132.4M,$33.1B
CiTnscSK27VUinyFngoX57YdeZTjNorGtCReC9nH2Do6,World Liberty Financial USD   ,USD1,Sz9YJYis8wqKnmF2Vii4GFQfyELELFB4jmJQs66MNGr,$1.000000,$2.9B,$2.9B,$2.9B
Gka1TQEevBbVw4W9K15ER96ZzKByMTb6TBMQzWFEpump,Never Give Up,MINER,7RewgB9eXiLbaFdLU14cQLY46wH4Ccn46DxsMh51iGay,$0.001253,$1.3M,$161K,$1.3M
EKpQGSJtjMFqKZ9KQanSqYXRcF8fBopzLHYxdM65zcjm,dogwifhat,$WIF,EP2ib6dYdEeqD8MfE2ezHCxX3kP3K2eLKkirfPm5eyMx,$0.393600,$393.2M,$8.7M,$393.2M
CkTFDNGUtw58dBDEnMD9RW3tjTVKaoVXctcXdq8Gpump,KERMIT THE FROG,KERMIT,3cWtUtmhYhLdWrHXUnNgXoyYVvFC3dEUkM5HCA3YPqv4,$0.004716,$4.7M,$308K,$4.7M
3S8qX1MsMqRbiwKg2cQyx7nis1oHMgaCuc9c4VfvVdPN,MOTHER IGGY,MOTHER,HcPgh6B2yHNvT6JsEmkrHYT8pVHu9Xiaoxm4Mmn2ibWw,$0.003316,$3.3M,$851K,$3.3M
KENJSUYLASHUMfHyy5o4Hp2FdNqZg1AsUPhfH2kYvEP,test griffain.com,GRIFFAIN,CpsMssqi3P9VMvNqxrdWVbSBCwyUHbGgNcrw7MorBq3g,$0.021650,$21.6M,$2.3M,$21.6M
CUZGoJsgwNcZtTe9nJy27BHYmY2g2XmW9udfNeEXDBc9,Pandu Pandas,00,7sna7sAvuytX2nnqVT7n518zz3dcrL7L8wSbvbQEBcVr,$0.000026,$2.6M,$103K,$2.6M
8UiPofjkbjqTqrymz4VY3wXxMcPjFuyq3Psofekymaca,MACARON,MACARON,F7XDzSmDLQLF1htUGZ4nb8B3UfCmWDZWnJVZV32yLr7b,$0.200800,$1.2M,$219K,$211K
Dfh5DzRgSvvCFDoYc2ciTkMrbDfRKybA4SoFbPmApump,Pippin,pippin,8WwcNqdZjCY5Pt7AkhupAFknV2txca9sq6YBkGzLbvdt,$0.435500,$435.5M,$14.7M,$435.5M
9ezFthWrDUpSSeMdpLW6SDD9TJigHdc4AuQ5QN5bpump,XerisCoin,XERIS,2Ff7ABu3yFcJBRZcoBMydyKnEDGmqEz76CmkWq2BdTFq,$0.000883,$883K,$112K,$883K
GkyPYa7NnCFbduLknCfBfP7p8564X1VZhwZYJ6CZpump,Chill House,CHILLHOUSE,35TqQMeiRwEbK6FR5qiPwastuAAvo32VjnULJpxVSxUK,$0.007564,$7.6M,$959K,$7.6M
8xxnM95N7HcFQvpDVAUaEoPHrsg4hg9TuHbANvnnsdky,USD Coin,USDC,5cmLBL2NjhzhrkdB4TRgvGEEuUvMeec2ZX9tTrQM67Wf,$1.000700,$151.1B,$213K,$151.1B
D2jcD9fFf7msttebx5XQErPBaPDXZBW1yQwaWH5Z62AM,Horse Fart Dust,THE˙,GmP1CE3kJwsiLVLg1qtnFALHs1b3VEimhPWzt11qJZPn,$0.000140,$139.7M,$559K,$139.7M
6MQpbiTC2YcogidTmKqMLK82qvE9z5QEm7EP3AEDpump,catwifmask,MASK,GWPLjamb5ZxrGbTsYNWW7V3p1pAMryZSfaPFTdaEsWgC,$0.002938,$2.9M,$411K,$2.9M
