Token,Symbol,Contract,PairId,Price,MarketCap_raw,Liquidity_raw,FDV_raw,MarketCap,Liquidity,FDV
Official Mascot of the Holy Year,LUCE,CBdCxKo9QavR9hfShgpEBG3zekorAeD7W1jfq2o3pump,HQWsAXxH3dGy9DQbryJyDrquKt2eDY6MMHWmpUEKfgZq,$0.001043,1043815.0,513850.48,1043815.0,$1.0M,$514K,$1.0M
114514,AI,BGV194BxNyzyKDNPMrmtEigNoPYtTbQLN97zra6wwzy3,CJU4XakFGG64gwbRAtPbqrkWAXp1X845GyShGoMnVFY1,$0.006210,6206777165.0,24841204.03,6206777165.0,$6.2B,$24.8M,$6.2B
MADURO DOG,00,8Ssu2MYUcxoeLoKC3BivTz6EHfC6SUPaPwDDpnmw2Cu1,AUeuRQASMQTaRXaAA2LhmWTmroTD1C7WBNzBzjKgtC9c,$0.006639,6639944580.0,26559778.7,6639944580.0,$6.6B,$26.6M,$6.6B
Mia Ko,00,C5KPhGn5Z2ds5v3WEhrBZ1wwubsXRoNXLKXnb38REs47,Hbp2HNyW6HPKPyKvZQ3dtftZ8zL2uqVwSDrTx5jCZgYY,$0.000437,437487848.0,1749951.61,437487848.0,$437.5M,$1.7M,$437.5M
EU Dream,00,EmM63WurCWP23QK9o5B1GVRDPsaCW2XLVEtRbMDcAu6v,91x8pHmyn7TZ6BcvGxEBbFdRVF4H3BQZjEXugQmGcNb8,$0.000284,284126340.0,1136505.36,284126340.0,$284.1M,$1.1M,$284.1M
1 meme can change your life,00,2M6xyFStXASnKbmnMh3R3mKvuL34a3MMaAuLMCcVWsXE,2pq8PEy3BKXs58m4XTMkT1xWQGWHPaoCSKQbYgiZ7AER,$0.000717,716997690.0,2867990.96,716997690.0,$717.0M,$2.9M,$717.0M
Junlper,AI,E4QpadgLsgTJutLFNmcCJHShSiGtawW2SMvvAmXcJT17,Fj2MteYSdKB1HEHCoMCKLK19yyecmpLpJuoa1q22D3B2,$0.000221,220889833.0,884060.96,220889833.0,$220.9M,$884K,$220.9M
Ralph Wiggum,Wiggum,CkbRjuF6EdviKrfhNUeABrHBosWJsQgWQe4vJi7kAtHq,EACrnt1itKfU4xSAfGYKYTGWc8pCNW2s5ighgb4uNz4t,$0.000551,550604677.0,2203669.44,550604677.0,$550.6M,$2.2M,$550.6M
[:Great-Great: Gravity.],Gravity,0x98e9E8d5754Db061025d47F5b94110AcdB5e1224,0xa1b20e59d5c5A1e863e80383457119CC9DA7Bf87,$0.000000,35688695.0,694101.3,35688695.0,$35.7M,$694K,$35.7M
glegle,COIN,APNdZHDb3RG1FztpGsAxQMVvH7fGdbYFKgwjs1p4AFrN,4JZn5DfqgnuUUc4VYus8iGvwE1pCMzWCGC6GouyeCVzT,$0.000181,180905405.0,724032.44,180905405.0,$180.9M,$724K,$180.9M
BOMP(pump),00,FyDhsQ23yxstL6U4pRT8LDWM2HZyRcJGvWcFFgNtf54B,8gxtHcPuTVFJZkSpJw66G6ReH7xAJeTDSqDigM9BYUHj,$0.000418,418049423.0,1672197.9,418049423.0,$418.0M,$1.7M,$418.0M
good morning,00,FCLdiWKtp7gV3fZp2EyJxqVayMcs6Nje5K2YbaLGCJAG,6yP6KBttn5VXFVhijay7fN26YT26MaLVHhniqiw2WKTr,$0.002309,2309564034.0,9238256.34,2309564034.0,$2.3B,$9.2M,$2.3B
Solama,SOLAMA,AVLhahDcDQ4m4vHM4ug63oh7xc8Jtk49Dm5hoe9Sazqr,CR8FJB9jqGvtNYnYUuxyyS41WXue2HZRfhNavkaV8CS4,$0.001408,952729.0,216202.68,952729.0,$953K,$216K,$953K
FWOG,FWOG,A8C3xuqscfmyLrte3VmTqrAq8kgMASius9AFNANwpump,AB1eu2L1Jr3nfEft85AuD2zGksUbam1Kr8MR3uM2sjwt,$0.016570,16166742.0,2936623.97,16166742.0,$16.2M,$2.9M,$16.2M
Velyn Cash,00,GrgRcGgnu4V9wmZJh76uPnNNUYSrxkbTvQJeAHCZeVRH,2SyUVgebXP6sptwkosQ7bdJhV5buXJrEwsfZpoRNAjhQ,$0.000171,170979597.0,683918.38,170979597.0,$171.0M,$684K,$171.0M
Dark Horse,00,CRhs3Pv9HXZUq84CHZhjrMS4kWewUcWuAfxZRMU1hN5P,8y2HSJKS4N3xcoxxS3C1zCxZmRJ59koASkBrNC7ogbta,$0.000164,164078666.0,656314.87,164078666.0,$164.1M,$656K,$164.1M
Kabuto,00,x96u1RaapDFUAoK2txwBgWFjoGDtEbJ7VsTu1nj9s6F,9oUzoEMmsngUWstKDV3nv1Mjs5EVJAa9ZhSvNETiXn97,$0.001860,1860731386.0,7442926.39,1860731386.0,$1.9B,$7.4M,$1.9B
PONKE,00,5droEoVBYyvMaj5Sx15bBio5xb4TRnHLotNeTVbUuFp8,9h1Kn7vNRsfiMvGfb2YmHjtF4EuUbH4dbUTo4Qi3XFZA,$0.061810,61811810264.0,247247241.26,61811810264.0,$61.8B,$247.2M,$61.8B
Purple Wojak,00,7pXKuAtkupbrpT7WKRebf4mgJchtPEXMJrPq5Hs8TzRz,H2MCPWbf8ZEKJBxuYQXwQUKqroHmqW1Z6XTMQt77NQbm,$0.001471,1471793268.0,5887173.28,1471793268.0,$1.5B,$5.9M,$1.5B
Neuro-sama,00,2EiR9JpsfrG3RkHRDv1zzDkqEiB7DE6aXcfHTj4VykvP,KdWfsmRpvQx9FunHc9b55FNi7RVG2JCgcVnUBkMMvTp,$0.000561,560923591.0,2243694.57,560923591.0,$560.9M,$2.2M,$560.9M
FAFO,FAFO,HAEVQLpFojyzixK23jV2YqevJPEo1B12LmoCb7RadtKb,CC3NT8mLgw1YhkSYPqcuEohkN7F7phYsTBkFH5eq46u3,$0.002337,2337258.0,194929.56,2337258.0,$2.3M,$195K,$2.3M
rainbowfish,00,G56WCLrmbqLC3QQxUARMYWFw1CJZX3RAtL3bz4oEwVPu,V5jomsZbFQqcor6cfGHynMTy3qzyrbzFoXxiruxg5wB,$0.002209,2209707204.0,8838829.02,2209707204.0,$2.2B,$8.8M,$2.2B
Nosana,NOS,nosXBVoaCTtYdLvKY6Csb4AC8JCdQKKAaWYtx2ZMoo7,JS4VAUXFkMvtbxWxUVNG48SRK6QCkqThzED83QXvZsQ,$0.327800,27341693.0,197113.0,32783785.0,$27.3M,$197K,$32.8M
Bonk,Bonk,DezXAZ8z7PnrnRJjz3wXBoRgixCa6xjnB7YaB1pPB263,31p1hptjhFo6ZD8oBqkfutNXQKGGPyi7YcEAfsyKW777,$0.000012,1037226106.0,121407.04,1047450185.0,$1.0B,$121K,$1.0B
USELESS COIN,USELESS,Dz9mQ9NzkBcCsuGPFJ3r1bS4wgqKMHBPiVuniW8Mbonk,HsQGWEh3ib6w59rBh5n1jXmi8VXFBqKEjxozL6PGfcgb,$0.113000,113067107.0,488637.45,113067107.0,$113.1M,$489K,$113.1M
Digital Oil Memecoin,00,HYXqAHgiKL2bPV8Bej18ugAMnL5mtu6bE98mVwVDDX8D,ExqAx4uFdec5xjd6rYywMuHkm85kWkQwcVPzpMcWqVPX,$0.001080,1080794473.0,4323178.13,1080794473.0,$1.1B,$4.3M,$1.1B
The White Whale,00,9Rrem7RmLBDNhGetQVpfiUkoKHBbSS2zU3LARC8kcjWc,DH4YWCnwBMFHq4ZPkVkfvVruSE5r7EmKRRJmdz2vUwmC,$0.071690,71699642857.0,286798571.63,71699642857.0,$71.7B,$286.8M,$71.7B
POPCAT,00,7C56weR2cp21E2hn6riLybg5dtsRKRU7FcJU6zwsRjq5,3pGbJDUeMPoQTnY8mFbKZR5prJDMbrrtKDJr8sXk2efT,$0.088080,88032742516.0,352330889.61,88032742516.0,$88.0B,$352.3M,$88.0B
PimpFun,00,HZPhnS3cjBZknYV4tVm7w52TsJjVztRf2qNiVXfT54Jj,HLagxeFwhYuMK8ifanRvaSyBpD8tDwXeEYAjVem52aS6,$0.000441,440934683.0,1763738.94,440934683.0,$440.9M,$1.8M,$440.9M
titcoin,titcoin,FtUEW73K6vEYHfbkfpdBZfWpxgQar2HipGdbutEhpump,4qQM2x2pfhU3ToscAqkQxTfhTm7DmJe8LGWU9kvqeNH4,$0.001646,1563699.0,550988.44,1646926.0,$1.6M,$551K,$1.6M
Virtual Protocol,VIRTUAL,0x0b3e328455c4059EEb9e3f84b5543F74E24e7E1b,0xC200F21EfE67c7F41B81A854c26F9cdA80593065,$1.057000,693522434.0,471377.97,1057035478.0,$693.5M,$471K,$1.1B
snowball,00,5XosjiprbjmyV2VsLxpS1VWWZ6iFxyrAVzQdnNiZzvTH,9zEeUpPrhzP9tQtVbVTppVCWCo6ZU24P7dc1Z4ePZ5N5,$0.001609,1609746159.0,6438984.84,1609746159.0,$1.6B,$6.4M,$1.6B
trencher,TRENCHER,8ncucXv6U6epZKHPbgaEBcEK399TpHGKCquSt4RnmX4f,6WwcmiRJFPDNdFmtgVQ8eY1zxMzLKGLrYuUtRy4iZmye,$0.001578,1577838.0,396592.24,1577838.0,$1.6M,$397K,$1.6M
The Spirit of Gambling,Tokabu,H8xQ6poBjB9DTPMDTKWzWPrnxu4bDEhybxiouF8Ppump,Ekv9HdumWqnXZgq5G6ge6bk1ZRHKXYC2WnSFL94sQmLJ,$0.003653,3648751.0,444107.03,3648751.0,$3.6M,$444K,$3.6M
Tradagotchi,AI,BaXuCw8whfZtJVY46BZbeAVR9eVW6o75tVMiMRW2B7kr,8fc4XCrFh6YHqUKZPTWMq4WT6M1q7sKMg8PoJdjUeX36,$0.000097,97047942.0,388412.16,97047942.0,$97.0M,$388K,$97.0M
Fartcoin ,Fartcoin ,9BB6NFEcjBCtnNLFko2FqVQBq8HHM13kCyYcdQbgpump,Bzc9NZfMqkXR6fz1DBph7BDf9BroyEf6pnzESP7v5iiw,$0.380800,380896491.0,12677267.73,380896491.0,$380.9M,$12.7M,$380.9M
Sachicoin,SACHI,7Y2TPeq3hqw21LRTCi4wBWoivDngCpNNJsN1hzhZpump,J3s2eaBdxaTEJd9NgHAvsRv88PuGSQWmrggyWxoEL587,$0.003287,3233601.0,257738.26,3233601.0,$3.2M,$258K,$3.2M
Avici,AVICI,BANKJmvhT8tiJRsBSS1n2HryMBPvT5Ze4HU95DUAmeta,7gj8L6q7kePSTUuJpx6Es4Z9FkWaKnW1YfKzYwnQFtVB,$2.490000,32216511.0,153407.03,32216511.0,$32.2M,$153K,$32.2M
Teddy Batman,Teddy Bat,ENgSDTZjZHLrXkYbQP3j3vzD9ANdnc8VCs9yxi1cMi55,6K86RRMKLWotny1gJjCZfNZSr7AEGzwNwEsFdjrPfu7g,$0.063160,63168921.0,229061.35,63168921.0,$63.2M,$229K,$63.2M
Housecoin,House,DitHyRMQiSDhn5cnKMJV2CDDt6sVct96YrECiM49pump,Gj5t6KjTw3gWW7SrMHEi1ojCkaYHyvLwb17gktf96HNH,$0.002428,2424961.0,592229.55,2424961.0,$2.4M,$592K,$2.4M
zauthx402,ZAUTH,DNhQZ1CE9qZ2FNrVhsCXwQJ2vZG8ufZkcYakTS5Jpump,5XbRDoL7YpKYwUKSfBZBFiJaipUtVXrFVtyVXoVSeKsQ,$0.002663,2530693.0,175740.18,2663893.0,$2.5M,$176K,$2.7M
Wojak ,WOJAK,8J69rbLTzWWgUJziFY8jeu5tDwEPBwUz4pKBMr5rpump,63ChtT5vH7YBnryKQJLUfRgY4ju7McntSq2v5UuHkuZH,$0.039250,39256557.0,884530.96,39258192.0,$39.3M,$885K,$39.3M
The Official 67 Coin,67,9AvytnUKsLxPxFHFqS6VLxaxt5p6BhYNr53SD2Chpump,Da6gBAjx2G4V1zbk7DNkKfDAzk3VVxS3aCoe5QN3TbxJ,$0.019900,19902035.0,140881.98,19902035.0,$19.9M,$141K,$19.9M
Pepe,PEPE,0x6982508145454Ce325dDbE47a25d4ec3d2311933,0x11950d141EcB863F01007AdD7D1A342041227b58,$0.000007,2776879888.0,3821775.96,2776879888.0,$2.8B,$3.8M,$2.8B
testicle,testicle,4TyZGqRLG3VcHTGMcLBoPUmqYitMVojXinAmkL8xpump,E616WShkSjxnyToCExYLhNWxyYraFqs1RTQz1gZ9ZDUk,$0.000737,737400.0,128447.14,737400.0,$737K,$128K,$737K
just memecoin,00,3oe8WY2EBvJr8rN8q14Gk6k6RBSzCM6uDFajCxB2xYzz,DfD96v39kmG7dDKPMqFQt89RPZX1skgjavLzwiD3MM6n,$0.000785,7849873866.0,3139949.75,7849873866.0,$7.8B,$3.1M,$7.8B
Stonks,STNK,43VWkd99HjqkhFTZbWBpMpRhjG469nWa7x7uEsgSH7We,EyktEFod1gAgsuM1hXmEpqkitFFk9XczkqLPx2vKiceg,$19.640000,11432304.0,582876.26,11432304.0,$11.4M,$583K,$11.4M
Baby Doge Coin,BabyDoge,7dUKUopcNWW6CcU4eRxCHh1uiMh32zDrmGf6ufqhxann,8ssUoNgsmob23argRdQayyMJbvy41hZxwzvXnviFnSvU,$0.000000,127980159.0,314981.51,214190072.0,$128.0M,$315K,$214.2M
Just a chill guy,CHILLGUY,Df6yfrKC8kZE3KNkrHERKzAetSxbrWeniQfyJY4Jpump,93tjgwff5Ac5ThyMi8C4WejVVQq4tuMeMuYW1LEYZ7bu,$0.023670,23676985.0,1959106.38,23676985.0,$23.7M,$2.0M,$23.7M
Huma Finance,HUMA,HUMA1821qVDKta3u2ovmfDQeW2fSQouSKE8fkF44wvGw,3fx6tcZy9t11i6fRVr3DwJY3H7Wi9YAso8os8UtQShDX,$0.029930,51894302.0,703524.33,299390093.0,$51.9M,$704K,$299.4M
You’ll own nothing & be happy,TheToken,73MGboY641m1J8bFaSoLG35RoSSh4ZgdPVwvARNzmXPq,8HJZrFiHdFzcVYxBc6TvjT9r6cRX54Nc3EyUe1EEx7kE,$0.003852,3852543.0,3757639.51,3852543.0,$3.9M,$3.8M,$3.9M
Peanut the Squirrel ,Pnut ,2qEHjDLDLbuBgRYvsxhc5D6uDWAivNFZGan56P1tpump,4AZRPNEfCJ7iw28rJu5aUyeQhYcvdcNm8cswyL51AY9i,$0.090710,90701823.0,4848878.06,90701823.0,$90.7M,$4.8M,$90.7M
1 coin can change your life,1,GMvCfcZg8YvkkQmwDaAzCtHDrrEtgE74nQpQ7xNabonk,Gi3959wDyHbQfs612ztsh3GWw8LYHhW4fx5YSJzbihy6,$0.021030,21032774.0,473888.17,21032774.0,$21.0M,$474K,$21.0M
jelly-my-jelly,jellyjelly,FeR8VBqNRSUD5NtXAj2n3j1dAHkZHfyDktKuLXD4pump,HrNE8CpBBPyawPR8PvMDz7XWrbAsiDGSGA23iKAeFqg,$0.062330,62334525.0,106317.01,62334525.0,$62.3M,$106K,$62.3M
ORE,ORE,oreoU2P8bN6jkk3jbaiVxYnG1dCXcYxwhwyK9jSybcp,7XNR3Ysqg2MbfQX8iMWD4iEF96h2GMsWNT8eZYsLTmua,$163.730000,68557449.0,125334.81,68586048.0,$68.6M,$125K,$68.6M
Moo Deng,MOODENG,ED5nyyWEzpPPiWimP8vYm7sD7TD3LAt3Q3gRTWHzPJBY,22WrmyTj8x2TRVQen3fxxi2r4Rn6JDHWoMTpsSmn8RUd,$0.085030,84175725.0,4127961.49,84175725.0,$84.2M,$4.1M,$84.2M
Popcat,POPCAT,7GCihgDB8fe6KNjn2MYtkzZcRjQy3t9GHdC8uHYmW2hr,FRhB8L7Y9Qq41qZXYLtC2nw8An1RJfLLxRF2x9RwLLMo,$0.105800,103703797.0,5823898.03,103703797.0,$103.7M,$5.8M,$103.7M
TROLL,TROLL,5UUH9RTDiSpq6HKS6bp4NdU9PNJpXRXuiw6ShBTBhgH2,Cgnuirsk5dQ9Ka1Grnru7J8YW1sYncYUjiXvYxT7G4iZ,$0.036720,36692479.0,309136.15,36692479.0,$36.7M,$309K,$36.7M
aura,AI,ZFNHgsEoCy7m245cw7sQKic1NcurEoGHG3TGU1Vsz3b,BM7Y48Gfc1Q2hd1S3bAna3VMBULikiQdYbty12La9wAP,$0.033100,33084275652.0,132412235.86,33084275652.0,$33.1B,$132.4M,$33.1B
World Liberty Financial USD   ,USD1,CiTnscSK27VUinyFngoX57YdeZTjNorGtCReC9nH2Do6,Sz9YJYis8wqKnmF2Vii4GFQfyELELFB4jmJQs66MNGr,$1.000000,2887000000.0,2857746348.96,2887000000.0,$2.9B,$2.9B,$2.9B
Never Give Up,MINER,Gka1TQEevBbVw4W9K15ER96ZzKByMTb6TBMQzWFEpump,7RewgB9eXiLbaFdLU14cQLY46wH4Ccn46DxsMh51iGay,$0.001253,1253850.0,161204.89,1253850.0,$1.3M,$161K,$1.3M
dogwifhat,$WIF,EKpQGSJtjMFqKZ9KQanSqYXRcF8fBopzLHYxdM65zcjm,EP2ib6dYdEeqD8MfE2ezHCxX3kP3K2eLKkirfPm5eyMx,$0.393600,393239933.0,8682661.12,393239933.0,$393.2M,$8.7M,$393.2M
KERMIT THE FROG,KERMIT,CkTFDNGUtw58dBDEnMD9RW3tjTVKaoVXctcXdq8Gpump,3cWtUtmhYhLdWrHXUnNgXoyYVvFC3dEUkM5HCA3YPqv4,$0.004716,4716788.0,308202.63,4716788.0,$4.7M,$308K,$4.7M
Jerry The Turtle By Matt Furie,JYAI,0x4E9623B7e5b6438542458f5EE828d65c24d3AF8c,0x2623EDC6008D057786a6Bf9dD34185DCDDebbf2F,$0.000025,1703516.0,199450.22,1703516.0,$1.7M,$199K,$1.7M
MOTHER IGGY,MOTHER,3S8qX1MsMqRbiwKg2cQyx7nis1oHMgaCuc9c4VfvVdPN,HcPgh6B2yHNvT6JsEmkrHYT8pVHu9Xiaoxm4Mmn2ibWw,$0.003316,3270919.0,851413.05,3270919.0,$3.3M,$851K,$3.3M
test griffain.com,GRIFFAIN,KENJSUYLASHUMfHyy5o4Hp2FdNqZg1AsUPhfH2kYvEP,CpsMssqi3P9VMvNqxrdWVbSBCwyUHbGgNcrw7MorBq3g,$0.021650,21649233.0,2292408.73,21649233.0,$21.6M,$2.3M,$21.6M
Pandu Pandas,00,CUZGoJsgwNcZtTe9nJy27BHYmY2g2XmW9udfNeEXDBc9,7sna7sAvuytX2nnqVT7n518zz3dcrL7L8wSbvbQEBcVr,$0.000026,2587225.0,103495.7,2587225.0,$2.6M,$103K,$2.6M
Daydreams,dreams,0x176383016BB310C9f1C180DC6729d5E28104e602,0x2Ad6252a9B295733fd90d9a233e768985EE4b98E,$0.014790,12571318.0,111536.67,405117.0,$12.6M,$112K,$405K
MACARON,MACARON,8UiPofjkbjqTqrymz4VY3wXxMcPjFuyq3Psofekymaca,F7XDzSmDLQLF1htUGZ4nb8B3UfCmWDZWnJVZV32yLr7b,$0.200800,1216882.0,218956.97,210864.0,$1.2M,$219K,$211K
Pippin,pippin,Dfh5DzRgSvvCFDoYc2ciTkMrbDfRKybA4SoFbPmApump,8WwcNqdZjCY5Pt7AkhupAFknV2txca9sq6YBkGzLbvdt,$0.435500,435495271.0,14714790.33,435495271.0,$435.5M,$14.7M,$435.5M
Longinus,LGNS,0xeB51D9A39AD5EEF215dC0Bf39a8821ff804A0F01,0x882df4B0fB50a229C3B4124EB18c759911485bFb,$5.900000,981464639.0,377409889.01,4877499156.0,$981.5M,$377.4M,$4.9B
XerisCoin,XERIS,9ezFthWrDUpSSeMdpLW6SDD9TJigHdc4AuQ5QN5bpump,2Ff7ABu3yFcJBRZcoBMydyKnEDGmqEz76CmkWq2BdTFq,$0.000883,883392.0,112050.47,883392.0,$883K,$112K,$883K
Chill House,CHILLHOUSE,GkyPYa7NnCFbduLknCfBfP7p8564X1VZhwZYJ6CZpump,35TqQMeiRwEbK6FR5qiPwastuAAvo32VjnULJpxVSxUK,$0.007564,7554077.0,959426.91,7554077.0,$7.6M,$959K,$7.6M
USD Coin,USDC,8xxnM95N7HcFQvpDVAUaEoPHrsg4hg9TuHbANvnnsdky,5cmLBL2NjhzhrkdB4TRgvGEEuUvMeec2ZX9tTrQM67Wf,$1.000700,151091107466.0,213278.23,151091107466.0,$151.1B,$213K,$151.1B
Horse Fart Dust,THE˙,D2jcD9fFf7msttebx5XQErPBaPDXZBW1yQwaWH5Z62AM,GmP1CE3kJwsiLVLg1qtnFALHs1b3VEimhPWzt11qJZPn,$0.000140,139743070.0,558972.49,139743070.0,$139.7M,$559K,$139.7M
catwifmask,MASK,6MQpbiTC2YcogidTmKqMLK82qvE9z5QEm7EP3AEDpump,GWPLjamb5ZxrGbTsYNWW7V3p1pAMryZSfaPFTdaEsWgC,$0.002938,2937497.0,411465.8,2937497.0,$2.9M,$411K,$2.9M
